Week,Zimmer 1,Zimmer 2,Zimmer 3
09.12.2023 - 15.12.2023,Garbage & Kitchen Cleaning,Free,Free
16.12.2023 - 22.12.2023,Free,Garbage & Kitchen Cleaning,Bathroom Cleaning
23.12.2023 - 29.12.2023,Free,Free,Garbage & Kitchen Cleaning
30.12.2023 - 05.01.2024,Garbage & Kitchen Cleaning,Bathroom Cleaning,Free
06.01.2024 - 12.01.2024,Free,Garbage & Kitchen Cleaning,Free
13.01.2024 - 19.01.2024,Bathroom Cleaning,Free,Garbage & Kitchen Cleaning
20.01.2024 - 26.01.2024,Garbage & Kitchen Cleaning,Free,Free
27.01.2024 - 02.02.2024,Free,Garbage & Kitchen Cleaning,Bathroom Cleaning
03.02.2024 - 09.02.2024,Free,Free,Garbage & Kitchen Cleaning
10.02.2024 - 16.02.2024,Garbage & Kitchen Cleaning,Bathroom Cleaning,Free
17.02.2024 - 23.02.2024,Garbage & Kitchen Cleaning,Free,Free
24.02.2024 - 01.03.2024,Free,Garbage & Kitchen Cleaning,Bathroom Cleaning
02.03.2024 - 08.03.2024,Free,Free,Garbage & Kitchen Cleaning
09.03.2024 - 15.03.2024,Garbage & Kitchen Cleaning,Bathroom Cleaning,Free
16.03.2024 - 22.03.2024,Free,Garbage & Kitchen Cleaning,Free
23.03.2024 - 29.03.2024,Bathroom Cleaning,Free,Garbage & Kitchen Cleaning
30.03.2024 - 05.04.2024,Garbage & Kitchen Cleaning,Free,Free
06.04.2024 - 12.04.2024,Free,Garbage & Kitchen Cleaning,Bathroom Cleaning
13.04.2024 - 19.04.2024,Free,Free,Garbage & Kitchen Cleaning
20.04.2024 - 26.04.2024,Garbage & Kitchen Cleaning,Bathroom Cleaning,Free
27.04.2024 - 03.05.2024,Garbage & Kitchen Cleaning,Free,Free
04.05.2024 - 10.05.2024,Free,Garbage & Kitchen Cleaning,Bathroom Cleaning
11.05.2024 - 17.05.2024,Free,Free,Garbage & Kitchen Cleaning
18.05.2024 - 24.05.2024,Garbage & Kitchen Cleaning,Bathroom Cleaning,Free
25.05.2024 - 31.05.2024,Free,Garbage & Kitchen Cleaning,Free
01.06.2024 - 07.06.2024,Bathroom Cleaning,Free,Garbage & Kitchen Cleaning
